Dataset,Ours,FAST2
Hall,0.786838,0.7830153386
Kitchenham,0.644113,0.517578125
Wahono,0.67952,0.7539267016
Muthu,0.797765,0.9708029197
AISE,0.242023,0.2297655454