Dataset,Ours,FAST2
Hall,0.871299,0.7308368538
Kitchenham,0.735286,0.6478772232
Wahono,0.819946,0.6672354517
Muthu,0.703483,0.5
AISE,0.498271,0.4307795699