Dataset,Ours,FAST2
Hall,0.059459,0.03553299492
Kitchenham,0.061063,0.0431372549
Wahono,0.026718,0.02115384615
Muthu,0.085142,0
AISE,0.2017,0.711489899