Dataset,Ours,FAST2
Hall,0.957979,0.6774193548
Kitchenham,0.831522,0.7857142857
Wahono,0.962903,0.5789473684
Muthu,0.603571,0
AISE,0.944584,0.3548497268