Dataset,Ours,FAST2
Hall,0.784619,0.7842543528
Kitchenham,0.63905,0.5100401606
Wahono,0.676988,0.7555235351
Muthu,0.803394,1
AISE,0.051957,0.3473570658